aika_fi,toteutunut_MW,fingrid_ennuste_MW
2026-08-27 17:45:00+03:00,8764.84,9167.34
2026-08-27 18:00:00+03:00,8769.99,9167.34
2026-08-27 18:15:00+03:00,8679.34,9167.34
2026-08-27 18:30:00+03:00,8584.15,9167.34
2026-08-27 18:45:00+03:00,8638.95,9167.34
2026-08-27 19:00:00+03:00,8597.24,9167.34
2026-08-27 19:15:00+03:00,8586.72,9167.34
2026-08-27 19:30:00+03:00,8562.05,9167.34
2026-08-27 19:45:00+03:00,8640.53,9167.34
2026-08-27 20:00:00+03:00,8679.55,9167.34
2026-08-27 20:15:00+03:00,8692.91,9167.34
2026-08-27 20:30:00+03:00,8700.39,9167.34
2026-08-27 20:45:00+03:00,8708.54,9167.34
2026-08-27 21:00:00+03:00,8811.58,9167.34
2026-08-27 21:15:00+03:00,8731.54,9167.34
2026-08-27 21:30:00+03:00,8601.07,9167.34
2026-08-27 21:45:00+03:00,8490.58,9167.34
2026-08-27 22:00:00+03:00,8587.65,9167.34
2026-08-27 22:15:00+03:00,8702.03,9167.34
2026-08-27 22:30:00+03:00,8620.27,9167.34
2026-08-27 22:45:00+03:00,8564.02,9167.34
2026-08-27 23:00:00+03:00,8603.89,9167.34
2026-08-27 23:15:00+03:00,8517.15,9167.34
2026-08-27 23:30:00+03:00,8364.01,9167.34
2026-08-27 23:45:00+03:00,8245.19,9167.34
2026-08-28 00:00:00+03:00,8211.26,9167.34
2026-08-28 00:15:00+03:00,8126.79,9167.34
2026-08-28 00:30:00+03:00,8153.4,9167.34
2026-08-28 00:45:00+03:00,8094.71,9167.34
2026-08-28 01:00:00+03:00,7998.33,9167.34
2026-08-28 01:15:00+03:00,7983.88,9167.34
2026-08-28 01:30:00+03:00,8102.19,9167.34
2026-08-28 01:45:00+03:00,8101.94,9167.34
2026-08-28 02:00:00+03:00,8084.63,9167.34
2026-08-28 02:15:00+03:00,8063.55,9167.34
2026-08-28 02:30:00+03:00,7959.43,9167.34
2026-08-28 02:45:00+03:00,7863.36,9167.34
2026-08-28 03:00:00+03:00,7778.43,9167.34
2026-08-28 03:15:00+03:00,7737.67,9167.34
2026-08-28 03:30:00+03:00,7802.87,9167.34
2026-08-28 03:45:00+03:00,7772.99,9167.34
2026-08-28 04:00:00+03:00,7866.25,9167.34
2026-08-28 04:15:00+03:00,8014.43,9167.34
2026-08-28 04:30:00+03:00,7890.65,9167.34
2026-08-28 04:45:00+03:00,7921.15,9167.34
2026-08-28 05:00:00+03:00,7970.76,9167.34
2026-08-28 05:15:00+03:00,7957.6,9167.34
2026-08-28 05:30:00+03:00,8022.24,9167.34
2026-08-28 05:45:00+03:00,8006.67,9167.34
2026-08-28 06:00:00+03:00,8183.22,9167.34
2026-08-28 06:15:00+03:00,8322.43,9167.34
2026-08-28 06:30:00+03:00,8464.93,9167.34
2026-08-28 06:45:00+03:00,8662.42,9167.34
2026-08-28 07:00:00+03:00,8813.64,9167.34
2026-08-28 07:15:00+03:00,8917.23,9167.34
2026-08-28 07:30:00+03:00,8997.08,9167.34
2026-08-28 07:45:00+03:00,8979.1,9167.34
2026-08-28 08:00:00+03:00,9113.94,9167.34
2026-08-28 08:15:00+03:00,9153.06,9167.34
2026-08-28 08:30:00+03:00,9225.93,9167.34
2026-08-28 08:45:00+03:00,9219.37,9167.34
2026-08-28 09:00:00+03:00,9251.4,9167.34
2026-08-28 09:15:00+03:00,9220.59,9167.34
2026-08-28 09:30:00+03:00,9156.8,9167.34
2026-08-28 09:45:00+03:00,9117.33,9167.34
2026-08-28 10:00:00+03:00,9007.18,9167.34
2026-08-28 10:15:00+03:00,9060.72,9167.34
2026-08-28 10:30:00+03:00,9116.11,9167.34
2026-08-28 10:45:00+03:00,9236.79,9167.34
2026-08-28 11:00:00+03:00,9260.71,9167.34
2026-08-28 11:15:00+03:00,9295.97,9167.34
2026-08-28 11:30:00+03:00,9318.55,9167.34
2026-08-28 11:45:00+03:00,9433.6,9167.34
2026-08-28 12:00:00+03:00,9375.13,9167.34
2026-08-28 12:15:00+03:00,9352.17,9167.34
2026-08-28 12:30:00+03:00,9307.14,9167.34
2026-08-28 12:45:00+03:00,9368.48,9167.34
2026-08-28 13:00:00+03:00,9291.23,9167.34
2026-08-28 13:15:00+03:00,9402.22,9167.34
2026-08-28 13:30:00+03:00,9451.39,9167.34
2026-08-28 13:45:00+03:00,9429.72,9167.34
2026-08-28 14:00:00+03:00,9287.27,9167.34
2026-08-28 14:15:00+03:00,9194.62,9167.34
2026-08-28 14:30:00+03:00,9182.84,9167.34
2026-08-28 14:45:00+03:00,9224.46,9167.34
2026-08-28 15:00:00+03:00,9239.79,9167.34
2026-08-28 15:15:00+03:00,9143.26,9167.34
2026-08-28 15:30:00+03:00,9109.38,9167.34
2026-08-28 15:45:00+03:00,9099.55,9167.34
2026-08-28 16:00:00+03:00,9080.07,9167.34
2026-08-28 16:15:00+03:00,9035.88,9167.34
2026-08-28 16:30:00+03:00,9015.06,9167.34
2026-08-28 16:45:00+03:00,8956.13,9167.34
2026-08-28 17:00:00+03:00,9120.21,9167.34
2026-08-28 17:15:00+03:00,9045.91,9167.34
2026-08-28 17:30:00+03:00,8937.66,9167.34
2026-08-28 17:45:00+03:00,8939.4,9167.34
2026-08-28 18:00:00+03:00,8833.83,9167.34
2026-08-28 18:15:00+03:00,8862.89,9167.34
2026-08-28 18:30:00+03:00,8802.08,9167.34
2026-08-28 18:45:00+03:00,8717.19,9167.34
2026-08-28 19:00:00+03:00,8629.34,9167.34
2026-08-28 19:15:00+03:00,8630.65,9167.34
2026-08-28 19:30:00+03:00,8655.48,9167.34
2026-08-28 19:45:00+03:00,8657.69,9167.34
2026-08-28 20:00:00+03:00,8759.37,9167.34
2026-08-28 20:15:00+03:00,8738.36,9167.34
2026-08-28 20:30:00+03:00,8787.13,9167.34
2026-08-28 20:45:00+03:00,8960.5,9167.34
2026-08-28 21:00:00+03:00,8989.96,9167.34
2026-08-28 21:15:00+03:00,9004.62,9167.34
2026-08-28 21:30:00+03:00,9039.62,9167.34
2026-08-28 21:45:00+03:00,9097.79,9167.34
2026-08-28 22:00:00+03:00,9121.62,9167.34
2026-08-28 22:15:00+03:00,9118.43,9167.34
2026-08-28 22:30:00+03:00,9037.63,9167.34
2026-08-28 22:45:00+03:00,8906.96,9167.34
2026-08-28 23:00:00+03:00,8832.27,9167.34
2026-08-28 23:15:00+03:00,8735.31,9167.34
2026-08-28 23:30:00+03:00,8632.84,9167.34
2026-08-28 23:45:00+03:00,8472.06,9167.34
2026-08-29 00:00:00+03:00,8428.13,9167.34
2026-08-29 00:15:00+03:00,8372.58,9167.34
2026-08-29 00:30:00+03:00,8311.34,9167.34
2026-08-29 00:45:00+03:00,8167.58,9167.34
2026-08-29 01:00:00+03:00,8028.96,9167.34
2026-08-29 01:15:00+03:00,7963.68,9167.34
2026-08-29 01:30:00+03:00,7835.06,9167.34
2026-08-29 01:45:00+03:00,7910.84,9167.34
2026-08-29 02:00:00+03:00,8037.71,9167.34
2026-08-29 02:15:00+03:00,7989.61,9167.34
2026-08-29 02:30:00+03:00,7938.25,9167.34
2026-08-29 02:45:00+03:00,7972.25,9167.34
2026-08-29 03:00:00+03:00,7863.16,9167.34
2026-08-29 03:15:00+03:00,7850.35,9167.34
2026-08-29 03:30:00+03:00,7776.7,9167.34
2026-08-29 03:45:00+03:00,7659.67,9167.34
2026-08-29 04:00:00+03:00,7636.6,9167.34
2026-08-29 04:15:00+03:00,7607.87,9167.34
2026-08-29 04:30:00+03:00,7616.44,9167.34
2026-08-29 04:45:00+03:00,7629.93,9167.34
2026-08-29 05:00:00+03:00,7722.75,9167.34
2026-08-29 05:15:00+03:00,7688.6,9167.34
2026-08-29 05:30:00+03:00,7713.17,9167.34
2026-08-29 05:45:00+03:00,7742.87,9167.34
2026-08-29 06:00:00+03:00,7745.19,9167.34
2026-08-29 06:15:00+03:00,7756.59,9167.34
2026-08-29 06:30:00+03:00,7824.58,9167.34
2026-08-29 06:45:00+03:00,7942.71,9167.34
2026-08-29 07:00:00+03:00,7939.34,9167.34
2026-08-29 07:15:00+03:00,7915.64,9167.34
2026-08-29 07:30:00+03:00,7970.49,9167.34
2026-08-29 07:45:00+03:00,8048.23,9167.34
2026-08-29 08:00:00+03:00,8187.01,9167.34
2026-08-29 08:15:00+03:00,8202.21,9167.34
2026-08-29 08:30:00+03:00,8224.64,9167.34
2026-08-29 08:45:00+03:00,8194.61,9167.34
2026-08-29 09:00:00+03:00,8299.6,9167.34
2026-08-29 09:15:00+03:00,8352.95,9167.34
2026-08-29 09:30:00+03:00,8419.18,9167.34
2026-08-29 09:45:00+03:00,8509.12,9167.34
2026-08-29 10:00:00+03:00,8586.35,9167.34
2026-08-29 10:15:00+03:00,8644.67,9167.34
2026-08-29 10:30:00+03:00,8702.91,9167.34
2026-08-29 10:45:00+03:00,8812.74,9167.34
2026-08-29 11:00:00+03:00,8760.29,9167.34
2026-08-29 11:15:00+03:00,8699.39,9167.34
2026-08-29 11:30:00+03:00,8771.7,9167.34
2026-08-29 11:45:00+03:00,8696.92,9167.34
2026-08-29 12:00:00+03:00,8790.82,9167.34
2026-08-29 12:15:00+03:00,8815.83,9167.34
2026-08-29 12:30:00+03:00,8766.48,9167.34
2026-08-29 12:45:00+03:00,8838.65,9167.34
2026-08-29 13:00:00+03:00,8802.7,9167.34
2026-08-29 13:15:00+03:00,8769.43,9167.34
2026-08-29 13:30:00+03:00,8754.94,9167.34
2026-08-29 13:45:00+03:00,8768.04,9167.34
2026-08-29 14:00:00+03:00,8779.5,9167.34
2026-08-29 14:15:00+03:00,8808.94,9167.34
2026-08-29 14:30:00+03:00,8800.22,9167.34
2026-08-29 14:45:00+03:00,8804.71,9167.34
2026-08-29 15:00:00+03:00,8851.05,9167.34
2026-08-29 15:15:00+03:00,8786.22,9167.34
2026-08-29 15:30:00+03:00,8746.28,9167.34
2026-08-29 15:45:00+03:00,8922.59,9167.34
2026-08-29 16:00:00+03:00,8973.5,9167.34
2026-08-29 16:15:00+03:00,8882.64,9167.34
2026-08-29 16:30:00+03:00,8924.07,9167.34
2026-08-29 16:45:00+03:00,8783.85,9167.34
2026-08-29 17:00:00+03:00,8721.31,9167.34
2026-08-29 17:15:00+03:00,8744.57,9167.34
2026-08-29 17:30:00+03:00,8734.11,9167.34
2026-08-29 17:45:00+03:00,8688.36,9167.34
2026-08-29 18:00:00+03:00,8669.14,9167.34
2026-08-29 18:15:00+03:00,8710.1,9167.34
2026-08-29 18:30:00+03:00,8707.26,9167.34
2026-08-29 18:45:00+03:00,8767.26,9167.34
2026-08-29 19:00:00+03:00,8875.48,9167.34
2026-08-29 19:15:00+03:00,8926.27,9167.34
2026-08-29 19:30:00+03:00,8884.64,9167.34
2026-08-29 19:45:00+03:00,8876.62,9167.34
2026-08-29 20:00:00+03:00,8871.22,9167.34
2026-08-29 20:15:00+03:00,8874.73,9167.34
2026-08-29 20:30:00+03:00,8826.18,9167.34
2026-08-29 20:45:00+03:00,8887.6,9167.34
2026-08-29 21:00:00+03:00,8932.97,9167.34
2026-08-29 21:15:00+03:00,8951.64,9167.34
2026-08-29 21:30:00+03:00,8800.07,9167.34
2026-08-29 21:45:00+03:00,8603.4,9167.34
2026-08-29 22:00:00+03:00,8784.87,9167.34
2026-08-29 22:15:00+03:00,8822.53,9167.34
2026-08-29 22:30:00+03:00,8661.53,9167.34
2026-08-29 22:45:00+03:00,8567.59,9167.34
2026-08-29 23:00:00+03:00,8563.7,9167.34
2026-08-29 23:15:00+03:00,8470.94,9167.34
2026-08-29 23:30:00+03:00,8281.14,9167.34
2026-08-29 23:45:00+03:00,8213.91,9167.34
2026-08-30 00:00:00+03:00,8124.53,9167.34
2026-08-30 00:15:00+03:00,8029.57,9167.34
2026-08-30 00:30:00+03:00,8012.25,9167.34
2026-08-30 00:45:00+03:00,7906.01,9167.34
2026-08-30 01:00:00+03:00,8132.9,9167.34
2026-08-30 01:15:00+03:00,8083.35,9167.34
2026-08-30 01:30:00+03:00,7785.8,9167.34
2026-08-30 01:45:00+03:00,7696.11,9167.34
2026-08-30 02:00:00+03:00,7827.91,9167.34
2026-08-30 02:15:00+03:00,7632.55,9167.34
2026-08-30 02:30:00+03:00,7649.07,9167.34
2026-08-30 02:45:00+03:00,7572.97,9167.34
2026-08-30 03:00:00+03:00,7591.15,9167.34
2026-08-30 03:15:00+03:00,7577.05,9167.34
2026-08-30 03:30:00+03:00,7634.9,9167.34
2026-08-30 03:45:00+03:00,7696.77,9167.34
2026-08-30 04:00:00+03:00,7597.55,9167.34
2026-08-30 04:15:00+03:00,7574.03,9167.34
2026-08-30 04:30:00+03:00,7536.03,9167.34
2026-08-30 04:45:00+03:00,7563.51,9167.34
2026-08-30 05:00:00+03:00,7679.25,9167.34
2026-08-30 05:15:00+03:00,7578.17,9167.34
2026-08-30 05:30:00+03:00,7578.99,9167.34
2026-08-30 05:45:00+03:00,7511.1,9167.34
2026-08-30 06:00:00+03:00,7449.79,9167.34
2026-08-30 06:15:00+03:00,7523.63,9167.34
2026-08-30 06:30:00+03:00,7651.02,9167.34
2026-08-30 06:45:00+03:00,7648.22,9167.34
2026-08-30 07:00:00+03:00,7706.53,9167.34
2026-08-30 07:15:00+03:00,7723.14,9167.34
2026-08-30 07:30:00+03:00,7799.54,9167.34
2026-08-30 07:45:00+03:00,7818.71,9167.34
2026-08-30 08:00:00+03:00,7817.53,9167.34
2026-08-30 08:15:00+03:00,7837.73,9167.34
2026-08-30 08:30:00+03:00,7864.61,9167.34
2026-08-30 08:45:00+03:00,7847.92,9167.34
2026-08-30 09:00:00+03:00,7920.74,9167.34
2026-08-30 09:15:00+03:00,7918.97,9167.34
2026-08-30 09:30:00+03:00,8046.33,9167.34
2026-08-30 09:45:00+03:00,8207.2,9167.34
2026-08-30 10:00:00+03:00,8351.58,9167.34
2026-08-30 10:15:00+03:00,8396.84,9167.34
2026-08-30 10:30:00+03:00,8404.39,9167.34
2026-08-30 10:45:00+03:00,8555.65,9167.34
2026-08-30 11:00:00+03:00,8820.6,9167.34
2026-08-30 11:15:00+03:00,8679.02,9167.34
2026-08-30 11:30:00+03:00,8656.48,9167.34
2026-08-30 11:45:00+03:00,8691.08,9167.34
2026-08-30 12:00:00+03:00,8992.41,9167.34
2026-08-30 12:15:00+03:00,8806.33,9167.34
2026-08-30 12:30:00+03:00,8743.17,9167.34
2026-08-30 12:45:00+03:00,8693.03,9167.34
2026-08-30 13:00:00+03:00,8934.59,9167.34
2026-08-30 13:15:00+03:00,8905.56,9167.34
2026-08-30 13:30:00+03:00,8915.06,9167.34
2026-08-30 13:45:00+03:00,8742.29,9167.34
2026-08-30 14:00:00+03:00,8579.0,9167.34
2026-08-30 14:15:00+03:00,8627.72,9167.34
2026-08-30 14:30:00+03:00,8667.2,9167.34
2026-08-30 14:45:00+03:00,8607.69,9167.34
2026-08-30 15:00:00+03:00,8693.55,9167.34
2026-08-30 15:15:00+03:00,8703.94,9167.34
2026-08-30 15:30:00+03:00,8558.95,9167.34
2026-08-30 15:45:00+03:00,8511.31,9167.34
2026-08-30 16:00:00+03:00,8540.3,9167.34
2026-08-30 16:15:00+03:00,8518.77,9167.34
2026-08-30 16:30:00+03:00,8512.06,9167.34
2026-08-30 16:45:00+03:00,8608.41,9167.34
2026-08-30 17:00:00+03:00,8740.16,9167.34
2026-08-30 17:15:00+03:00,8665.76,9167.34
2026-08-30 17:30:00+03:00,8517.08,9167.34
2026-08-30 17:45:00+03:00,8551.8,9167.34
2026-08-30 18:00:00+03:00,8584.3,9167.34
2026-08-30 18:15:00+03:00,8470.38,9167.34
2026-08-30 18:30:00+03:00,8492.42,9167.34
2026-08-30 18:45:00+03:00,8559.05,9167.34
2026-08-30 19:00:00+03:00,8544.98,9167.34
2026-08-30 19:15:00+03:00,8540.9,9167.34
2026-08-30 19:30:00+03:00,8604.08,9167.34
2026-08-30 19:45:00+03:00,8599.7,9167.34
2026-08-30 20:00:00+03:00,8635.23,9167.34
2026-08-30 20:15:00+03:00,8666.56,9167.34
2026-08-30 20:30:00+03:00,8611.36,9167.34
2026-08-30 20:45:00+03:00,8579.4,9167.34
2026-08-30 21:00:00+03:00,8602.94,9167.34
2026-08-30 21:15:00+03:00,8551.48,9167.34
2026-08-30 21:30:00+03:00,8468.18,9167.34
2026-08-30 21:45:00+03:00,8393.51,9167.34
2026-08-30 22:00:00+03:00,8574.62,9167.34
2026-08-30 22:15:00+03:00,8645.34,9167.34
2026-08-30 22:30:00+03:00,8601.89,9167.34
2026-08-30 22:45:00+03:00,8491.08,9167.34
2026-08-30 23:00:00+03:00,8305.7,9167.34
2026-08-30 23:15:00+03:00,8126.0,9167.34
2026-08-30 23:30:00+03:00,8040.5,9167.34
2026-08-30 23:45:00+03:00,8062.66,9167.34
2026-08-31 00:00:00+03:00,7905.22,9167.34
2026-08-31 00:15:00+03:00,7857.85,9167.34
2026-08-31 00:30:00+03:00,7656.68,9167.34
2026-08-31 00:45:00+03:00,7662.28,9167.34
2026-08-31 01:00:00+03:00,7736.04,9167.34
2026-08-31 01:15:00+03:00,7680.57,9167.34
2026-08-31 01:30:00+03:00,7554.82,9167.34
2026-08-31 01:45:00+03:00,7557.68,9167.34
2026-08-31 02:00:00+03:00,7622.81,9167.34
2026-08-31 02:15:00+03:00,7587.32,9167.34
2026-08-31 02:30:00+03:00,7454.2,9167.34
2026-08-31 02:45:00+03:00,7409.04,9167.34
2026-08-31 03:00:00+03:00,7412.18,9167.34
2026-08-31 03:15:00+03:00,7433.76,9167.34
2026-08-31 03:30:00+03:00,7393.77,9167.34
2026-08-31 03:45:00+03:00,7357.79,9167.34
2026-08-31 04:00:00+03:00,7399.23,9167.34
2026-08-31 04:15:00+03:00,7403.33,9167.34
2026-08-31 04:30:00+03:00,7427.77,9167.34
2026-08-31 04:45:00+03:00,7495.86,9167.34
2026-08-31 05:00:00+03:00,7499.85,9167.34
2026-08-31 05:15:00+03:00,7509.53,9167.34
2026-08-31 05:30:00+03:00,7551.1,9167.34
2026-08-31 05:45:00+03:00,7666.62,9167.34
2026-08-31 06:00:00+03:00,7961.75,9167.34
2026-08-31 06:15:00+03:00,8012.17,9167.34
2026-08-31 06:30:00+03:00,8102.0,9167.34
2026-08-31 06:45:00+03:00,8241.36,9167.34
2026-08-31 07:00:00+03:00,8428.77,9167.34
2026-08-31 07:15:00+03:00,8402.14,9167.34
2026-08-31 07:30:00+03:00,8478.94,9167.34
2026-08-31 07:45:00+03:00,8645.6,9167.34
2026-08-31 08:00:00+03:00,8648.68,9167.34
2026-08-31 08:15:00+03:00,8736.48,9167.34
2026-08-31 08:30:00+03:00,8868.15,9167.34
2026-08-31 08:45:00+03:00,8865.01,9167.34
2026-08-31 09:00:00+03:00,8905.16,9167.34
2026-08-31 09:15:00+03:00,8893.99,9167.34
2026-08-31 09:30:00+03:00,9001.54,9167.34
2026-08-31 09:45:00+03:00,9040.53,9167.34
2026-08-31 10:00:00+03:00,8954.93,9167.34
2026-08-31 10:15:00+03:00,8924.83,9167.34
2026-08-31 10:30:00+03:00,8984.66,9167.34
2026-08-31 10:45:00+03:00,9138.3,9167.34
2026-08-31 11:00:00+03:00,9190.46,9167.34
2026-08-31 11:15:00+03:00,9162.49,9167.34
2026-08-31 11:30:00+03:00,9218.42,9167.34
2026-08-31 11:45:00+03:00,9184.88,9167.34
2026-08-31 12:00:00+03:00,9148.84,9167.34
2026-08-31 12:15:00+03:00,9234.29,9167.34
2026-08-31 12:30:00+03:00,9155.17,9167.34
2026-08-31 12:45:00+03:00,9164.02,9167.34
2026-08-31 13:00:00+03:00,9304.02,9167.34
2026-08-31 13:15:00+03:00,9461.0,9167.34
2026-08-31 13:30:00+03:00,9394.5,9167.34
2026-08-31 13:45:00+03:00,9391.66,9167.34
2026-08-31 14:00:00+03:00,9349.45,9167.34
2026-08-31 14:15:00+03:00,9287.74,9167.34
2026-08-31 14:30:00+03:00,9302.62,9167.34
2026-08-31 14:45:00+03:00,9283.05,9167.34
2026-08-31 15:00:00+03:00,9200.25,9167.34
2026-08-31 15:15:00+03:00,9224.21,9167.34
2026-08-31 15:30:00+03:00,9257.6,9167.34
2026-08-31 15:45:00+03:00,9208.34,9167.34
2026-08-31 16:00:00+03:00,9037.37,9167.34
2026-08-31 16:15:00+03:00,9008.43,9167.34
2026-08-31 16:30:00+03:00,9028.33,9167.34
2026-08-31 16:45:00+03:00,8863.52,9167.34
2026-08-31 17:00:00+03:00,8953.85,9167.34
2026-08-31 17:15:00+03:00,8933.65,9167.34
2026-08-31 17:30:00+03:00,8844.74,9167.34
2026-08-31 17:45:00+03:00,8793.37,9167.34
2026-08-31 18:00:00+03:00,8884.87,9167.34
2026-08-31 18:15:00+03:00,8864.5,9167.34
2026-08-31 18:30:00+03:00,8799.95,9167.34
2026-08-31 18:45:00+03:00,8641.91,9167.34
2026-08-31 19:00:00+03:00,8664.34,9167.34
2026-08-31 19:15:00+03:00,8553.47,9167.34
2026-08-31 19:30:00+03:00,8466.53,9167.34
2026-08-31 19:45:00+03:00,8628.42,9167.34
2026-08-31 20:00:00+03:00,8647.5,9167.34
2026-08-31 20:15:00+03:00,8583.1,9167.34
2026-08-31 20:30:00+03:00,8551.8,9167.34
2026-08-31 20:45:00+03:00,8635.98,9167.34
2026-08-31 21:00:00+03:00,8536.89,9167.34
2026-08-31 21:15:00+03:00,8550.72,9167.34
2026-08-31 21:30:00+03:00,8469.11,9167.34
2026-08-31 21:45:00+03:00,8330.09,9167.34
2026-08-31 22:00:00+03:00,8389.86,9167.34
2026-08-31 22:15:00+03:00,8545.86,9167.34
2026-08-31 22:30:00+03:00,8496.54,9167.34
2026-08-31 22:45:00+03:00,8388.74,9167.34
2026-08-31 23:00:00+03:00,8274.86,9167.34
2026-08-31 23:15:00+03:00,8223.25,9167.34
2026-08-31 23:30:00+03:00,8221.95,9167.34
2026-08-31 23:45:00+03:00,8296.8,9167.34
2026-09-01 00:00:00+03:00,8145.46,9167.34
2026-09-01 00:15:00+03:00,8008.42,9167.34
2026-09-01 00:30:00+03:00,7849.83,9167.34
2026-09-01 00:45:00+03:00,7690.8,9167.34
2026-09-01 01:00:00+03:00,7563.34,9167.34
2026-09-01 01:15:00+03:00,7619.74,9167.34
2026-09-01 01:30:00+03:00,7710.89,9167.34
2026-09-01 01:45:00+03:00,7705.85,9167.34
2026-09-01 02:00:00+03:00,7666.28,9167.34
2026-09-01 02:15:00+03:00,7454.36,9167.34
2026-09-01 02:30:00+03:00,7479.18,9167.34
2026-09-01 02:45:00+03:00,7561.0,9167.34
2026-09-01 03:00:00+03:00,7532.54,9167.34
2026-09-01 03:15:00+03:00,7481.04,9167.34
2026-09-01 03:30:00+03:00,7406.96,9167.34
2026-09-01 03:45:00+03:00,7560.29,9167.34
2026-09-01 04:00:00+03:00,7523.28,9167.34
2026-09-01 04:15:00+03:00,7522.9,9167.34
2026-09-01 04:30:00+03:00,7516.2,9167.34
2026-09-01 04:45:00+03:00,7577.55,9167.34
2026-09-01 05:00:00+03:00,7729.12,9167.34
2026-09-01 05:15:00+03:00,7775.1,9167.34
2026-09-01 05:30:00+03:00,7882.28,9167.34
2026-09-01 05:45:00+03:00,7926.21,9167.34
2026-09-01 06:00:00+03:00,8127.98,9167.34
2026-09-01 06:15:00+03:00,8131.39,9167.34
2026-09-01 06:30:00+03:00,8275.58,9167.34
2026-09-01 06:45:00+03:00,8415.54,9167.34
2026-09-01 07:00:00+03:00,8808.62,9167.34
2026-09-01 07:15:00+03:00,8842.04,9167.34
2026-09-01 07:30:00+03:00,8782.45,9167.34
2026-09-01 07:45:00+03:00,8800.27,9167.34
2026-09-01 08:00:00+03:00,8912.09,9167.34
2026-09-01 08:15:00+03:00,8957.43,9167.34
2026-09-01 08:30:00+03:00,9053.25,9167.34
2026-09-01 08:45:00+03:00,8978.65,9167.34
2026-09-01 09:00:00+03:00,8939.68,9167.34
2026-09-01 09:15:00+03:00,8947.87,9167.34
2026-09-01 09:30:00+03:00,8853.47,9167.34
2026-09-01 09:45:00+03:00,8841.99,9167.34
2026-09-01 10:00:00+03:00,8882.71,9167.34
2026-09-01 10:15:00+03:00,8951.29,9167.34
2026-09-01 10:30:00+03:00,8884.07,9167.34
2026-09-01 10:45:00+03:00,8916.83,9167.34
2026-09-01 11:00:00+03:00,8981.7,9167.34
2026-09-01 11:15:00+03:00,9008.5,9167.34
2026-09-01 11:30:00+03:00,9109.57,9167.34
2026-09-01 11:45:00+03:00,9035.16,9167.34
2026-09-01 12:00:00+03:00,9103.91,9167.34
2026-09-01 12:15:00+03:00,9116.15,9167.34
2026-09-01 12:30:00+03:00,9014.08,9167.34
2026-09-01 12:45:00+03:00,9011.02,9167.34
2026-09-01 13:00:00+03:00,8927.07,9167.34
2026-09-01 13:15:00+03:00,8939.98,9167.34
2026-09-01 13:30:00+03:00,8931.78,9167.34
2026-09-01 13:45:00+03:00,8890.13,9167.34
2026-09-01 14:00:00+03:00,8887.76,9167.34
2026-09-01 14:15:00+03:00,8921.36,9167.34
2026-09-01 14:30:00+03:00,8891.42,9167.34
2026-09-01 14:45:00+03:00,8997.94,9167.34
2026-09-01 15:00:00+03:00,8963.76,9167.34
2026-09-01 15:15:00+03:00,8845.8,9167.34
2026-09-01 15:30:00+03:00,8875.28,9167.34
2026-09-01 15:45:00+03:00,8927.07,9167.34
2026-09-01 16:00:00+03:00,8900.47,9167.34
2026-09-01 16:15:00+03:00,8831.59,9167.34
2026-09-01 16:30:00+03:00,8839.2,9167.34
2026-09-01 16:45:00+03:00,8815.4,9167.34
2026-09-01 17:00:00+03:00,8804.49,9167.34
2026-09-01 17:15:00+03:00,8753.91,9167.34
2026-09-01 17:30:00+03:00,8709.43,9167.34
2026-09-01 17:45:00+03:00,8682.22,9167.34
2026-09-01 18:00:00+03:00,8567.25,9167.34
2026-09-01 18:15:00+03:00,8510.38,9167.34
2026-09-01 18:30:00+03:00,8500.89,9167.34
2026-09-01 18:45:00+03:00,8432.09,9167.34
2026-09-01 19:00:00+03:00,8400.47,9167.34
2026-09-01 19:15:00+03:00,8411.16,9167.34
2026-09-01 19:30:00+03:00,8421.62,9167.34
2026-09-01 19:45:00+03:00,8385.36,9167.34
2026-09-01 20:00:00+03:00,8401.85,9167.34
2026-09-01 20:15:00+03:00,8510.69,9167.34
2026-09-01 20:30:00+03:00,8570.14,9167.34
2026-09-01 20:45:00+03:00,8624.07,9167.34
2026-09-01 21:00:00+03:00,8574.25,9167.34
2026-09-01 21:15:00+03:00,8644.0,9167.34
2026-09-01 21:30:00+03:00,8565.97,9167.34
2026-09-01 21:45:00+03:00,8467.47,9167.34
2026-09-01 22:00:00+03:00,8559.54,9167.34
2026-09-01 22:15:00+03:00,8602.99,9167.34
2026-09-01 22:30:00+03:00,8568.44,9167.34
2026-09-01 22:45:00+03:00,8577.57,9167.34
2026-09-01 23:00:00+03:00,8418.29,9167.34
2026-09-01 23:15:00+03:00,8306.59,9167.34
2026-09-01 23:30:00+03:00,8249.24,9167.34
2026-09-01 23:45:00+03:00,8131.82,9167.34
2026-09-02 00:00:00+03:00,8103.57,9167.34
2026-09-02 00:15:00+03:00,7955.94,9167.34
2026-09-02 00:30:00+03:00,7875.89,9167.34
2026-09-02 00:45:00+03:00,7852.79,9167.34
2026-09-02 01:00:00+03:00,7734.43,9167.34
2026-09-02 01:15:00+03:00,7619.54,9167.34
2026-09-02 01:30:00+03:00,7585.36,9167.34
2026-09-02 01:45:00+03:00,7569.67,9167.34
2026-09-02 02:00:00+03:00,7528.41,9167.34
2026-09-02 02:15:00+03:00,7496.58,9167.34
2026-09-02 02:30:00+03:00,7615.18,9167.34
2026-09-02 02:45:00+03:00,7583.29,9167.34
2026-09-02 03:00:00+03:00,7679.36,9167.34
2026-09-02 03:15:00+03:00,7663.57,9167.34
2026-09-02 03:30:00+03:00,7568.64,9167.34
2026-09-02 03:45:00+03:00,7593.97,9167.34
2026-09-02 04:00:00+03:00,7593.43,9167.34
2026-09-02 04:15:00+03:00,7620.51,9167.34
2026-09-02 04:30:00+03:00,7610.51,9167.34
2026-09-02 04:45:00+03:00,7677.93,9167.34
2026-09-02 05:00:00+03:00,7692.02,9167.34
2026-09-02 05:15:00+03:00,7759.43,9167.34
2026-09-02 05:30:00+03:00,7861.38,9167.34
2026-09-02 05:45:00+03:00,7965.83,9167.34
2026-09-02 06:00:00+03:00,8076.44,9167.34
2026-09-02 06:15:00+03:00,8125.27,9167.34
2026-09-02 06:30:00+03:00,8302.78,9167.34
2026-09-02 06:45:00+03:00,8391.02,9167.34
2026-09-02 07:00:00+03:00,8523.48,9167.34
2026-09-02 07:15:00+03:00,8561.4,9167.34
2026-09-02 07:30:00+03:00,8628.61,9167.34
2026-09-02 07:45:00+03:00,8640.4,9167.34
2026-09-02 08:00:00+03:00,8791.1,9167.34
2026-09-02 08:15:00+03:00,8829.45,9167.34
2026-09-02 08:30:00+03:00,8863.02,9167.34
2026-09-02 08:45:00+03:00,8900.26,9167.34
2026-09-02 09:00:00+03:00,8951.33,9167.34
2026-09-02 09:15:00+03:00,8985.19,9167.34
2026-09-02 09:30:00+03:00,8917.05,9167.34
2026-09-02 09:45:00+03:00,8794.51,9167.34
2026-09-02 10:00:00+03:00,8749.13,9167.34
2026-09-02 10:15:00+03:00,8721.67,9167.34
2026-09-02 10:30:00+03:00,8730.82,9167.34
2026-09-02 10:45:00+03:00,8695.67,9167.34
2026-09-02 11:00:00+03:00,8753.76,9167.34
2026-09-02 11:15:00+03:00,8823.41,9167.34
2026-09-02 11:30:00+03:00,8854.07,9167.34
2026-09-02 11:45:00+03:00,8896.39,9167.34
2026-09-02 12:00:00+03:00,8859.71,9167.34
2026-09-02 12:15:00+03:00,8997.21,9167.34
2026-09-02 12:30:00+03:00,9127.36,9167.34
2026-09-02 12:45:00+03:00,9114.07,9167.34
2026-09-02 13:00:00+03:00,9027.59,9167.34
2026-09-02 13:15:00+03:00,9078.75,9167.34
2026-09-02 13:30:00+03:00,9029.41,9167.34
2026-09-02 13:45:00+03:00,9024.53,9167.34
2026-09-02 14:00:00+03:00,9027.48,9167.34
2026-09-02 14:15:00+03:00,8978.49,9167.34
2026-09-02 14:30:00+03:00,8915.47,9167.34
2026-09-02 14:45:00+03:00,8878.97,9167.34
2026-09-02 15:00:00+03:00,8893.6,9167.34
2026-09-02 15:15:00+03:00,8938.8,9167.34
2026-09-02 15:30:00+03:00,8853.34,9167.34
2026-09-02 15:45:00+03:00,8735.78,9167.34
2026-09-02 16:00:00+03:00,8728.56,9167.34
2026-09-02 16:15:00+03:00,8828.35,9167.34
2026-09-02 16:30:00+03:00,8861.61,9167.34
2026-09-02 16:45:00+03:00,8810.55,9167.34
2026-09-02 17:00:00+03:00,8906.84,9167.34
2026-09-02 17:15:00+03:00,8853.91,9167.34
2026-09-02 17:30:00+03:00,8837.39,9167.34
2026-09-02 17:45:00+03:00,8752.82,9167.34
2026-09-02 18:00:00+03:00,8809.33,9167.34
2026-09-02 18:15:00+03:00,8737.66,9167.34
2026-09-02 18:30:00+03:00,8787.39,9167.34
2026-09-02 18:45:00+03:00,8612.28,9167.34
2026-09-02 19:00:00+03:00,8611.74,9167.34
2026-09-02 19:15:00+03:00,8737.91,9167.34
2026-09-02 19:30:00+03:00,8734.36,9167.34
2026-09-02 19:45:00+03:00,8601.9,9167.34
2026-09-02 20:00:00+03:00,8658.93,9167.34
2026-09-02 20:15:00+03:00,8689.4,9167.34
2026-09-02 20:30:00+03:00,8719.62,9167.34
2026-09-02 20:45:00+03:00,8782.7,9167.34
2026-09-02 21:00:00+03:00,8812.96,9167.34
2026-09-02 21:15:00+03:00,8725.31,9167.34
2026-09-02 21:30:00+03:00,8606.95,9167.34
2026-09-02 21:45:00+03:00,8420.67,9167.34
2026-09-02 22:00:00+03:00,8420.06,9167.34
2026-09-02 22:15:00+03:00,8628.47,9167.34
2026-09-02 22:30:00+03:00,8642.84,9167.34
2026-09-02 22:45:00+03:00,8588.91,9167.34
2026-09-02 23:00:00+03:00,8479.7,9167.34
2026-09-02 23:15:00+03:00,8428.95,9167.34
2026-09-02 23:30:00+03:00,8279.93,9167.34
2026-09-02 23:45:00+03:00,8221.35,9167.34
2026-09-03 00:00:00+03:00,8060.44,9167.34
2026-09-03 00:15:00+03:00,8021.33,9167.34
2026-09-03 00:30:00+03:00,8001.71,9167.34
2026-09-03 00:45:00+03:00,7981.5,9167.34
2026-09-03 01:00:00+03:00,7838.34,9167.34
2026-09-03 01:15:00+03:00,7816.48,9167.34
2026-09-03 01:30:00+03:00,7752.16,9167.34
2026-09-03 01:45:00+03:00,7726.87,9167.34
2026-09-03 02:00:00+03:00,7815.43,9167.34
2026-09-03 02:15:00+03:00,7855.1,9167.34
2026-09-03 02:30:00+03:00,7810.48,9167.34
2026-09-03 02:45:00+03:00,7781.92,9167.34
2026-09-03 03:00:00+03:00,7868.34,9167.34
2026-09-03 03:15:00+03:00,7770.1,9167.34
2026-09-03 03:30:00+03:00,7780.43,9167.34
2026-09-03 03:45:00+03:00,7643.37,9167.34
2026-09-03 04:00:00+03:00,7608.34,9167.34
2026-09-03 04:15:00+03:00,7660.75,9167.34
2026-09-03 04:30:00+03:00,7613.47,9167.34
2026-09-03 04:45:00+03:00,7677.92,9167.34
2026-09-03 05:00:00+03:00,7736.27,9167.34
2026-09-03 05:15:00+03:00,7736.77,9167.34
2026-09-03 05:30:00+03:00,7821.77,9167.34
2026-09-03 05:45:00+03:00,7818.63,9167.34
2026-09-03 06:00:00+03:00,8063.04,9167.34
2026-09-03 06:15:00+03:00,8206.96,9167.34
2026-09-03 06:30:00+03:00,8301.86,9167.34
2026-09-03 06:45:00+03:00,8344.91,9167.34
2026-09-03 07:00:00+03:00,8580.17,9167.34
2026-09-03 07:15:00+03:00,8651.61,9167.34
2026-09-03 07:30:00+03:00,8817.6,9167.34
2026-09-03 07:45:00+03:00,8875.23,9167.34
2026-09-03 08:00:00+03:00,9071.19,9167.34
2026-09-03 08:15:00+03:00,8940.08,9167.34
2026-09-03 08:30:00+03:00,8858.75,9167.34
2026-09-03 08:45:00+03:00,8863.21,9167.34
2026-09-03 09:00:00+03:00,8852.12,9167.34
2026-09-03 09:15:00+03:00,8856.64,9167.34
2026-09-03 09:30:00+03:00,8913.45,9167.34
2026-09-03 09:45:00+03:00,8849.2,9167.34
2026-09-03 10:00:00+03:00,8943.47,9167.34
2026-09-03 10:15:00+03:00,8968.41,9167.34
2026-09-03 10:30:00+03:00,8993.18,9167.34
2026-09-03 10:45:00+03:00,8973.64,9167.34
2026-09-03 11:00:00+03:00,9021.83,9167.34
2026-09-03 11:15:00+03:00,8982.53,9167.34
2026-09-03 11:30:00+03:00,8928.35,9167.34
2026-09-03 11:45:00+03:00,8990.86,9167.34
2026-09-03 12:00:00+03:00,9000.39,9167.34
2026-09-03 12:15:00+03:00,8998.82,9167.34
2026-09-03 12:30:00+03:00,8984.93,9167.34
2026-09-03 12:45:00+03:00,9022.79,9167.34
2026-09-03 13:00:00+03:00,9094.72,9167.34
2026-09-03 13:15:00+03:00,9118.6,9167.34
2026-09-03 13:30:00+03:00,9097.0,9167.34
2026-09-03 13:45:00+03:00,8989.49,9167.34
2026-09-03 14:00:00+03:00,9058.11,9167.34
2026-09-03 14:15:00+03:00,9005.95,9167.34
2026-09-03 14:30:00+03:00,9024.37,9167.34
2026-09-03 14:45:00+03:00,8953.25,9167.34
2026-09-03 15:00:00+03:00,8966.79,9167.34
2026-09-03 15:15:00+03:00,8868.94,9167.34
2026-09-03 15:30:00+03:00,8797.04,9167.34
2026-09-03 15:45:00+03:00,8850.72,9167.34
2026-09-03 16:00:00+03:00,8762.98,9167.34
2026-09-03 16:15:00+03:00,8907.79,9167.34
2026-09-03 16:30:00+03:00,8773.07,9167.34
2026-09-03 16:45:00+03:00,8740.47,9167.34
2026-09-03 17:00:00+03:00,8784.3,9167.34
2026-09-03 17:15:00+03:00,8806.68,9167.34
2026-09-03 17:30:00+03:00,8731.73,9167.34
2026-09-03 17:45:00+03:00,8707.78,9167.34
2026-09-03 18:00:00+03:00,8671.78,9167.34
2026-09-03 18:15:00+03:00,8611.82,9167.34
2026-09-03 18:30:00+03:00,8651.97,9167.34
2026-09-03 18:45:00+03:00,8674.6,9167.34
2026-09-03 19:00:00+03:00,8676.82,9167.34
2026-09-03 19:15:00+03:00,8545.62,9167.34
2026-09-03 19:30:00+03:00,8566.79,9167.34
2026-09-03 19:45:00+03:00,8551.52,9167.34
2026-09-03 20:00:00+03:00,8572.88,9167.34
2026-09-03 20:15:00+03:00,8742.31,9167.34
2026-09-03 20:30:00+03:00,8715.74,9167.34
2026-09-03 20:45:00+03:00,8716.63,9167.34
2026-09-03 21:00:00+03:00,8699.98,9167.34
2026-09-03 21:15:00+03:00,8686.15,9167.34
2026-09-03 21:30:00+03:00,8551.14,9167.34
2026-09-03 21:45:00+03:00,8428.1,9167.34
2026-09-03 22:00:00+03:00,8390.16,9167.34
2026-09-03 22:15:00+03:00,8504.72,9167.34
2026-09-03 22:30:00+03:00,8500.11,9167.34
2026-09-03 22:45:00+03:00,8425.45,9167.34
2026-09-03 23:00:00+03:00,8321.16,9167.34
2026-09-03 23:15:00+03:00,8167.84,9167.34
2026-09-03 23:30:00+03:00,8152.56,9167.34
2026-09-03 23:45:00+03:00,8103.91,9167.34
2026-09-04 00:00:00+03:00,7880.48,9167.34
2026-09-04 00:15:00+03:00,7727.35,9167.34
2026-09-04 00:30:00+03:00,7896.89,9167.34
2026-09-04 00:45:00+03:00,7933.66,9167.34
2026-09-04 01:00:00+03:00,7722.01,9167.34
2026-09-04 01:15:00+03:00,7690.39,9167.34
2026-09-04 01:30:00+03:00,7700.43,9167.34
2026-09-04 01:45:00+03:00,7708.76,9167.34
2026-09-04 02:00:00+03:00,7748.69,9167.34
2026-09-04 02:15:00+03:00,7748.79,9167.34
2026-09-04 02:30:00+03:00,7618.53,9167.34
2026-09-04 02:45:00+03:00,7674.39,9167.34
2026-09-04 03:00:00+03:00,7624.47,9167.34
2026-09-04 03:15:00+03:00,7601.62,9167.34
2026-09-04 03:30:00+03:00,7609.59,9167.34
2026-09-04 03:45:00+03:00,7465.05,9167.34
2026-09-04 04:00:00+03:00,7505.54,9167.34
2026-09-04 04:15:00+03:00,7643.12,9167.34
2026-09-04 04:30:00+03:00,7692.12,9167.34
2026-09-04 04:45:00+03:00,7683.52,9167.34
2026-09-04 05:00:00+03:00,7781.37,9167.34
2026-09-04 05:15:00+03:00,7748.75,9167.34
2026-09-04 05:30:00+03:00,7934.27,9167.34
2026-09-04 05:45:00+03:00,7971.76,9167.34
2026-09-04 06:00:00+03:00,8279.26,9167.34
2026-09-04 06:15:00+03:00,8291.88,9167.34
2026-09-04 06:30:00+03:00,8454.37,9167.34
2026-09-04 06:45:00+03:00,8527.54,9167.34
2026-09-04 07:00:00+03:00,8782.39,9167.34
2026-09-04 07:15:00+03:00,8837.04,9167.34
2026-09-04 07:30:00+03:00,8850.44,9167.34
2026-09-04 07:45:00+03:00,8867.86,9167.34
2026-09-04 08:00:00+03:00,8879.67,9167.34
2026-09-04 08:15:00+03:00,8929.94,9167.34
2026-09-04 08:30:00+03:00,8994.37,9167.34
2026-09-04 08:45:00+03:00,8937.38,9167.34
2026-09-04 09:00:00+03:00,8934.98,9167.34
2026-09-04 09:15:00+03:00,8997.77,9167.34
2026-09-04 09:30:00+03:00,9053.49,9167.34
2026-09-04 09:45:00+03:00,9012.94,9167.34
2026-09-04 10:00:00+03:00,9023.9,9167.34
2026-09-04 10:15:00+03:00,8997.89,9167.34
2026-09-04 10:30:00+03:00,8952.35,9167.34
2026-09-04 10:45:00+03:00,8967.35,9167.34
2026-09-04 11:00:00+03:00,8942.6,9167.34
2026-09-04 11:15:00+03:00,8879.15,9167.34
2026-09-04 11:30:00+03:00,8917.84,9167.34
2026-09-04 11:45:00+03:00,8971.63,9167.34
2026-09-04 12:00:00+03:00,8928.48,9167.34
2026-09-04 12:15:00+03:00,8889.56,9167.34
2026-09-04 12:30:00+03:00,8911.15,9167.34
2026-09-04 12:45:00+03:00,8995.89,9167.34
2026-09-04 13:00:00+03:00,8829.13,9167.34
2026-09-04 13:15:00+03:00,8858.21,9167.34
2026-09-04 13:30:00+03:00,8765.01,9167.34
2026-09-04 13:45:00+03:00,8852.09,9167.34
2026-09-04 14:00:00+03:00,8922.81,9167.34
2026-09-04 14:15:00+03:00,8894.06,9167.34
2026-09-04 14:30:00+03:00,8952.06,9167.34
2026-09-04 14:45:00+03:00,8889.13,9167.34
2026-09-04 15:00:00+03:00,8848.24,9167.34
2026-09-04 15:15:00+03:00,8784.41,9167.34
2026-09-04 15:30:00+03:00,8742.59,9167.34
2026-09-04 15:45:00+03:00,8650.23,9167.34
2026-09-04 16:00:00+03:00,8837.2,9167.34
2026-09-04 16:15:00+03:00,8861.39,9167.34
2026-09-04 16:30:00+03:00,8669.4,9167.34
2026-09-04 16:45:00+03:00,8578.78,9167.34
2026-09-04 17:00:00+03:00,8663.1,9167.34
2026-09-04 17:15:00+03:00,8684.82,9167.34
2026-09-04 17:30:00+03:00,8596.43,9167.34
2026-09-04 17:45:00+03:00,8585.55,9167.34
2026-09-04 18:00:00+03:00,8502.64,9167.34
2026-09-04 18:15:00+03:00,8537.88,9167.34
2026-09-04 18:30:00+03:00,8484.55,9167.34
2026-09-04 18:45:00+03:00,8433.62,9167.34
2026-09-04 19:00:00+03:00,8507.95,9167.34
2026-09-04 19:15:00+03:00,8484.48,9167.34
2026-09-04 19:30:00+03:00,8445.91,9167.34
2026-09-04 19:45:00+03:00,8439.01,9167.34
2026-09-04 20:00:00+03:00,8504.2,9167.34
2026-09-04 20:15:00+03:00,8475.4,9167.34
2026-09-04 20:30:00+03:00,8570.89,9167.34
2026-09-04 20:45:00+03:00,8543.27,9167.34
2026-09-04 21:00:00+03:00,8521.29,9167.34
2026-09-04 21:15:00+03:00,8458.37,9167.34
2026-09-04 21:30:00+03:00,8386.34,9167.34
2026-09-04 21:45:00+03:00,8325.82,9167.34
2026-09-04 22:00:00+03:00,8387.81,9167.34
2026-09-04 22:15:00+03:00,8411.32,9167.34
2026-09-04 22:30:00+03:00,8297.2,9167.34
2026-09-04 22:45:00+03:00,8310.85,9167.34
2026-09-04 23:00:00+03:00,8212.12,9167.34
2026-09-04 23:15:00+03:00,8156.39,9167.34
2026-09-04 23:30:00+03:00,8079.38,9167.34
2026-09-04 23:45:00+03:00,7984.47,9167.34
2026-09-05 00:00:00+03:00,7884.02,9167.34
2026-09-05 00:15:00+03:00,7972.67,9167.34
2026-09-05 00:30:00+03:00,7878.55,9167.34
2026-09-05 00:45:00+03:00,7718.03,9167.34
2026-09-05 01:00:00+03:00,7600.62,9167.34
2026-09-05 01:15:00+03:00,7498.87,9167.34
2026-09-05 01:30:00+03:00,7511.07,9167.34
2026-09-05 01:45:00+03:00,7594.48,9167.34
2026-09-05 02:00:00+03:00,7667.06,9167.34
2026-09-05 02:15:00+03:00,7668.22,9167.34
2026-09-05 02:30:00+03:00,7576.93,9167.34
2026-09-05 02:45:00+03:00,7559.41,9167.34
2026-09-05 03:00:00+03:00,7564.46,9167.34
2026-09-05 03:15:00+03:00,7557.58,9167.34
2026-09-05 03:30:00+03:00,7549.79,9167.34
2026-09-05 03:45:00+03:00,7508.27,9167.34
2026-09-05 04:00:00+03:00,7542.03,9167.34
2026-09-05 04:15:00+03:00,7510.42,9167.34
2026-09-05 04:30:00+03:00,7619.94,9167.34
2026-09-05 04:45:00+03:00,7589.02,9167.34
2026-09-05 05:00:00+03:00,7682.17,9167.34
2026-09-05 05:15:00+03:00,7714.72,9167.34
2026-09-05 05:30:00+03:00,7750.82,9167.34
2026-09-05 05:45:00+03:00,7786.5,9167.34
2026-09-05 06:00:00+03:00,7779.43,9167.34
2026-09-05 06:15:00+03:00,7802.48,9167.34
2026-09-05 06:30:00+03:00,7913.75,9167.34
2026-09-05 06:45:00+03:00,8038.41,9167.34
2026-09-05 07:00:00+03:00,8080.18,9167.34
2026-09-05 07:15:00+03:00,8180.18,9167.34
2026-09-05 07:30:00+03:00,8211.36,9167.34
2026-09-05 07:45:00+03:00,8213.96,9167.34
2026-09-05 08:00:00+03:00,8167.61,9167.34
2026-09-05 08:15:00+03:00,8267.93,9167.34
2026-09-05 08:30:00+03:00,8351.98,9167.34
2026-09-05 08:45:00+03:00,8368.19,9167.34
2026-09-05 09:00:00+03:00,8388.17,9167.34
2026-09-05 09:15:00+03:00,8440.21,9167.34
2026-09-05 09:30:00+03:00,8521.07,9167.34
2026-09-05 09:45:00+03:00,8644.52,9167.34
2026-09-05 10:00:00+03:00,8667.72,9167.34
2026-09-05 10:15:00+03:00,8823.95,9167.34
2026-09-05 10:30:00+03:00,8729.97,9167.34
2026-09-05 10:45:00+03:00,8798.59,9167.34
2026-09-05 11:00:00+03:00,8962.1,9167.34
2026-09-05 11:15:00+03:00,8993.85,9167.34
2026-09-05 11:30:00+03:00,9000.35,9167.34
2026-09-05 11:45:00+03:00,8995.48,9167.34
2026-09-05 12:00:00+03:00,9100.39,9167.34
2026-09-05 12:15:00+03:00,9156.19,9167.34
2026-09-05 12:30:00+03:00,9104.59,9167.34
2026-09-05 12:45:00+03:00,9063.23,9167.34
2026-09-05 13:00:00+03:00,8978.11,9167.34
2026-09-05 13:15:00+03:00,9038.48,9167.34
2026-09-05 13:30:00+03:00,8937.46,9167.34
2026-09-05 13:45:00+03:00,8919.07,9167.34
2026-09-05 14:00:00+03:00,8889.09,9167.34
2026-09-05 14:15:00+03:00,8885.19,9167.34
2026-09-05 14:30:00+03:00,8824.75,9167.34
2026-09-05 14:45:00+03:00,8919.02,9167.34
2026-09-05 15:00:00+03:00,9049.8,9167.34
2026-09-05 15:15:00+03:00,9038.61,9167.34
2026-09-05 15:30:00+03:00,8980.87,9167.34
2026-09-05 15:45:00+03:00,8834.91,9167.34
2026-09-05 16:00:00+03:00,9089.49,9167.34
2026-09-05 16:15:00+03:00,9035.4,9167.34
2026-09-05 16:30:00+03:00,9024.12,9167.34
2026-09-05 16:45:00+03:00,8937.58,9167.34
2026-09-05 17:00:00+03:00,9041.98,9167.34
2026-09-05 17:15:00+03:00,9167.71,9167.34
2026-09-05 17:30:00+03:00,9139.73,9167.34
2026-09-05 17:45:00+03:00,9230.62,9167.34
2026-09-05 18:00:00+03:00,9061.3,9167.34
2026-09-05 18:15:00+03:00,9048.64,9167.34
2026-09-05 18:30:00+03:00,8890.08,9167.34
2026-09-05 18:45:00+03:00,8941.15,9167.34
2026-09-05 19:00:00+03:00,8815.07,9167.34
2026-09-05 19:15:00+03:00,8695.68,9167.34
2026-09-05 19:30:00+03:00,8754.4,9167.34
2026-09-05 19:45:00+03:00,8791.48,9167.34
2026-09-05 20:00:00+03:00,8686.07,9167.34
2026-09-05 20:15:00+03:00,8701.08,9167.34
2026-09-05 20:30:00+03:00,8797.08,9167.34
2026-09-05 20:45:00+03:00,8769.12,9167.34
2026-09-05 21:00:00+03:00,8762.92,9167.34
2026-09-05 21:15:00+03:00,8708.32,9167.34
2026-09-05 21:30:00+03:00,8650.83,9167.34
2026-09-05 21:45:00+03:00,8667.58,9167.34
2026-09-05 22:00:00+03:00,8627.25,9167.34
2026-09-05 22:15:00+03:00,8672.44,9167.34
2026-09-05 22:30:00+03:00,8647.17,9167.34
2026-09-05 22:45:00+03:00,8640.4,9167.34
2026-09-05 23:00:00+03:00,8558.38,9167.34
2026-09-05 23:15:00+03:00,8458.56,9167.34
2026-09-05 23:30:00+03:00,8346.6,9167.34
2026-09-05 23:45:00+03:00,8346.25,9167.34
2026-09-06 00:00:00+03:00,8371.69,9167.34
2026-09-06 00:15:00+03:00,8382.04,9167.34
2026-09-06 00:30:00+03:00,8290.79,9167.34
2026-09-06 00:45:00+03:00,8211.4,9167.34
2026-09-06 01:00:00+03:00,8240.03,9167.34
2026-09-06 01:15:00+03:00,8185.94,9167.34
2026-09-06 01:30:00+03:00,8061.47,9167.34
2026-09-06 01:45:00+03:00,8002.76,9167.34
2026-09-06 02:00:00+03:00,8034.84,9167.34
2026-09-06 02:15:00+03:00,7981.58,9167.34
2026-09-06 02:30:00+03:00,7920.04,9167.34
2026-09-06 02:45:00+03:00,7923.39,9167.34
2026-09-06 03:00:00+03:00,8094.09,9167.34
2026-09-06 03:15:00+03:00,8165.92,9167.34
2026-09-06 03:30:00+03:00,8179.28,9167.34
2026-09-06 03:45:00+03:00,8163.27,9167.34
2026-09-06 04:00:00+03:00,8086.51,9167.34
2026-09-06 04:15:00+03:00,8068.78,9167.34
2026-09-06 04:30:00+03:00,8069.77,9167.34
2026-09-06 04:45:00+03:00,8165.41,9167.34
2026-09-06 05:00:00+03:00,8149.09,9167.34
2026-09-06 05:15:00+03:00,8110.56,9167.34
2026-09-06 05:30:00+03:00,8125.2,9167.34
2026-09-06 05:45:00+03:00,8074.86,9167.34
2026-09-06 06:00:00+03:00,8044.36,9167.34
2026-09-06 06:15:00+03:00,8083.19,9167.34
2026-09-06 06:30:00+03:00,8104.6,9167.34
2026-09-06 06:45:00+03:00,8160.5,9167.34
2026-09-06 07:00:00+03:00,8032.07,9167.34
2026-09-06 07:15:00+03:00,8070.52,9167.34
2026-09-06 07:30:00+03:00,8141.44,9167.34
2026-09-06 07:45:00+03:00,8203.05,9167.34
2026-09-06 08:00:00+03:00,8110.05,9167.34
2026-09-06 08:15:00+03:00,8122.03,9167.34
2026-09-06 08:30:00+03:00,8154.03,9167.34
2026-09-06 08:45:00+03:00,8287.54,9167.34
2026-09-06 09:00:00+03:00,8408.95,9167.34
2026-09-06 09:15:00+03:00,8469.84,9167.34
2026-09-06 09:30:00+03:00,8479.35,9167.34
2026-09-06 09:45:00+03:00,8569.44,9167.34
2026-09-06 10:00:00+03:00,8601.02,9167.34
2026-09-06 10:15:00+03:00,8663.28,9167.34
2026-09-06 10:30:00+03:00,8798.68,9167.34
2026-09-06 10:45:00+03:00,8937.31,9167.34
2026-09-06 11:00:00+03:00,8901.97,9167.34
2026-09-06 11:15:00+03:00,8898.59,9167.34
2026-09-06 11:30:00+03:00,8949.13,9167.34
2026-09-06 11:45:00+03:00,8845.36,9167.34
2026-09-06 12:00:00+03:00,8876.21,9167.34
2026-09-06 12:15:00+03:00,8824.97,9167.34
2026-09-06 12:30:00+03:00,8794.53,9167.34
2026-09-06 12:45:00+03:00,8863.82,9167.34
2026-09-06 13:00:00+03:00,8883.64,9167.34
2026-09-06 13:15:00+03:00,8992.24,9085.57
2026-09-06 13:30:00+03:00,8916.18,8913.56
2026-09-06 13:45:00+03:00,8927.8,8855.37
2026-09-06 14:00:00+03:00,8936.34,8860.88
2026-09-06 14:15:00+03:00,8839.85,8839.31
2026-09-06 14:30:00+03:00,8767.61,8790.07
2026-09-06 14:45:00+03:00,8816.04,8760.79
2026-09-06 15:00:00+03:00,8900.22,8693.13
2026-09-06 15:15:00+03:00,8947.81,8769.42
2026-09-06 15:30:00+03:00,8900.78,8680.08
2026-09-06 15:45:00+03:00,8792.7,8786.72
2026-09-06 16:00:00+03:00,8860.1,8837.07
2026-09-06 16:15:00+03:00,8798.16,8747.57
2026-09-06 16:30:00+03:00,8879.36,8800.76
2026-09-06 16:45:00+03:00,8839.33,8762.72
2026-09-06 17:00:00+03:00,8997.04,8610.64
2026-09-06 17:15:00+03:00,8881.22,8496.93
2026-09-06 17:30:00+03:00,8793.2,8794.4
2026-09-06 17:45:00+03:00,8707.35,9220.72
2026-09-06 18:00:00+03:00,8741.02,9141.37
2026-09-06 18:15:00+03:00,8679.67,8916.83
2026-09-06 18:30:00+03:00,8644.33,8872.28
2026-09-06 18:45:00+03:00,8647.73,8896.72
2026-09-06 19:00:00+03:00,8598.51,8727.73
2026-09-06 19:15:00+03:00,8616.18,8575.32
2026-09-06 19:30:00+03:00,8632.8,8620.42
2026-09-06 19:45:00+03:00,8628.29,8590.28
2026-09-06 20:00:00+03:00,8726.77,8557.62
2026-09-06 20:15:00+03:00,8787.97,8449.23
2026-09-06 20:30:00+03:00,8849.87,8386.95
2026-09-06 20:45:00+03:00,8844.07,8518.38
2026-09-06 21:00:00+03:00,8789.45,8611.51
2026-09-06 21:15:00+03:00,8806.75,8538.78
2026-09-06 21:30:00+03:00,8803.49,8448.12
2026-09-06 21:45:00+03:00,8687.88,8317.43
2026-09-06 22:00:00+03:00,8802.87,8250.79
2026-09-06 22:15:00+03:00,8900.74,8216.8
2026-09-06 22:30:00+03:00,8821.31,8329.13
2026-09-06 22:45:00+03:00,8755.27,8331.68
2026-09-06 23:00:00+03:00,8684.74,8293.37
2026-09-06 23:15:00+03:00,8685.64,8239.57
2026-09-06 23:30:00+03:00,8503.39,8317.6
2026-09-06 23:45:00+03:00,8361.49,8281.51
2026-09-07 00:00:00+03:00,8361.71,8263.63
2026-09-07 00:15:00+03:00,8344.61,8121.26
2026-09-07 00:30:00+03:00,8369.23,8075.18
2026-09-07 00:45:00+03:00,8238.08,8133.3
2026-09-07 01:00:00+03:00,8242.11,8241.23
2026-09-07 01:15:00+03:00,8206.28,8273.2
2026-09-07 01:30:00+03:00,8101.64,8255.51
2026-09-07 01:45:00+03:00,7981.68,8140.84
2026-09-07 02:00:00+03:00,7981.27,8021.78
2026-09-07 02:15:00+03:00,7937.52,8057.28
2026-09-07 02:30:00+03:00,7937.71,7925.22
2026-09-07 02:45:00+03:00,7903.91,7936.85
2026-09-07 03:00:00+03:00,7881.77,7866.5
2026-09-07 03:15:00+03:00,7920.3,7842.28
2026-09-07 03:30:00+03:00,7922.14,7837.4
2026-09-07 03:45:00+03:00,8000.68,7820.01
2026-09-07 04:00:00+03:00,7959.76,7877.94
2026-09-07 04:15:00+03:00,7859.27,7868.74
2026-09-07 04:30:00+03:00,8051.15,7912.84
2026-09-07 04:45:00+03:00,8087.77,7891.94
2026-09-07 05:00:00+03:00,8182.6,7906.56
2026-09-07 05:15:00+03:00,8278.89,7959.0
2026-09-07 05:30:00+03:00,8443.32,7921.76
2026-09-07 05:45:00+03:00,8605.47,7990.24
2026-09-07 06:00:00+03:00,8700.99,8021.16
2026-09-07 06:15:00+03:00,8863.46,8014.88
2026-09-07 06:30:00+03:00,8984.08,7834.25
2026-09-07 06:45:00+03:00,9130.47,7791.36
2026-09-07 07:00:00+03:00,9322.33,7800.85
2026-09-07 07:15:00+03:00,9475.78,7921.69
2026-09-07 07:30:00+03:00,9534.17,7936.0
2026-09-07 07:45:00+03:00,9581.34,7848.29
2026-09-07 08:00:00+03:00,9745.8,7794.18
2026-09-07 08:15:00+03:00,9681.28,7773.88
2026-09-07 08:30:00+03:00,9679.18,7765.88
2026-09-07 08:45:00+03:00,9605.89,7783.48
2026-09-07 09:00:00+03:00,9697.82,7650.65
2026-09-07 09:15:00+03:00,9537.57,7497.07
2026-09-07 09:30:00+03:00,9556.87,7377.24
2026-09-07 09:45:00+03:00,9472.13,7340.08
2026-09-07 10:00:00+03:00,9447.64,7267.64
2026-09-07 10:15:00+03:00,9329.31,7300.88
2026-09-07 10:30:00+03:00,9414.2,7291.05
2026-09-07 10:45:00+03:00,9490.99,7392.96
2026-09-07 11:00:00+03:00,9375.63,7506.6
2026-09-07 11:15:00+03:00,9471.63,7517.73
2026-09-07 11:30:00+03:00,9291.93,7515.13
2026-09-07 11:45:00+03:00,9288.78,7505.29
2026-09-07 12:00:00+03:00,9306.62,7459.14
2026-09-07 12:15:00+03:00,9398.16,7500.2
2026-09-07 12:30:00+03:00,9354.42,7454.7
2026-09-07 12:45:00+03:00,9395.2,7510.83
2026-09-07 13:00:00+03:00,9394.82,7556.07
2026-09-07 13:15:00+03:00,9254.57,7388.25
2026-09-07 13:30:00+03:00,9327.78,7442.25
2026-09-07 13:45:00+03:00,9293.38,7516.66
2026-09-07 14:00:00+03:00,9318.37,7623.65
2026-09-07 14:15:00+03:00,9282.04,7596.32
2026-09-07 14:30:00+03:00,9265.12,7670.27
2026-09-07 14:45:00+03:00,9204.37,7626.62
2026-09-07 15:00:00+03:00,9205.69,7661.06
2026-09-07 15:15:00+03:00,9279.47,7811.3
2026-09-07 15:30:00+03:00,9160.06,7754.89
2026-09-07 15:45:00+03:00,9039.48,7851.54
2026-09-07 16:00:00+03:00,9006.48,7860.51
2026-09-07 16:15:00+03:00,9093.35,7980.95
2026-09-07 16:30:00+03:00,9178.39,8219.07
2026-09-07 16:45:00+03:00,9134.07,8248.68
2026-09-07 17:00:00+03:00,9054.6,8217.18
2026-09-07 17:15:00+03:00,9083.23,8256.12
2026-09-07 17:30:00+03:00,9029.25,8483.55
2026-09-07 17:45:00+03:00,9011.11,8624.94
2026-09-07 18:00:00+03:00,8984.24,8608.13
2026-09-07 18:15:00+03:00,9015.9,8660.2
2026-09-07 18:30:00+03:00,9165.83,8906.27
2026-09-07 18:45:00+03:00,9184.21,9042.14
2026-09-07 19:00:00+03:00,9201.17,9313.08
2026-09-07 19:15:00+03:00,9332.42,9623.21
2026-09-07 19:30:00+03:00,9362.02,9632.66
2026-09-07 19:45:00+03:00,9394.45,9543.55
2026-09-07 20:00:00+03:00,9309.84,9783.22
2026-09-07 20:15:00+03:00,9468.66,10393.3
2026-09-07 20:30:00+03:00,9506.38,10499.2
2026-09-07 20:45:00+03:00,9448.88,10613.9
2026-09-07 21:00:00+03:00,9392.38,10579.3
2026-09-07 21:15:00+03:00,9260.78,10634.4
2026-09-07 21:30:00+03:00,9194.41,10599.9
2026-09-07 21:45:00+03:00,9220.45,10427.5
2026-09-07 22:00:00+03:00,9155.06,10446.1
2026-09-07 22:15:00+03:00,9127.71,10653.3
2026-09-07 22:30:00+03:00,9116.67,10736.4
2026-09-07 22:45:00+03:00,9072.15,10621.7
2026-09-07 23:00:00+03:00,9008.94,10571.2
2026-09-07 23:15:00+03:00,8714.75,10493.9
2026-09-07 23:30:00+03:00,8710.44,10533.8
2026-09-07 23:45:00+03:00,8586.76,10246.2
2026-09-08 00:00:00+03:00,8485.46,10208.9
2026-09-08 00:15:00+03:00,8418.46,10200.0
2026-09-08 00:30:00+03:00,8407.5,10091.6
2026-09-08 00:45:00+03:00,8265.37,10059.5
2026-09-08 01:00:00+03:00,8028.04,10043.1
2026-09-08 01:15:00+03:00,8013.67,10143.7
2026-09-08 01:30:00+03:00,8075.16,10307.4
2026-09-08 01:45:00+03:00,8037.35,10164.5
2026-09-08 02:00:00+03:00,7947.49,10162.5
2026-09-08 02:15:00+03:00,7958.07,10291.0
2026-09-08 02:30:00+03:00,7993.25,10235.3
2026-09-08 02:45:00+03:00,7923.26,10242.9
2026-09-08 03:00:00+03:00,7830.4,10214.9
2026-09-08 03:15:00+03:00,7913.82,10408.3
2026-09-08 03:30:00+03:00,7861.34,10404.7
2026-09-08 03:45:00+03:00,7880.6,10213.2
2026-09-08 04:00:00+03:00,7748.48,10358.9
2026-09-08 04:15:00+03:00,7791.34,10276.9
2026-09-08 04:30:00+03:00,7837.93,10293.3
2026-09-08 04:45:00+03:00,7882.38,10379.5
2026-09-08 05:00:00+03:00,7843.34,10298.9
2026-09-08 05:15:00+03:00,7957.59,10548.6
2026-09-08 05:30:00+03:00,8059.75,10510.8
2026-09-08 05:45:00+03:00,8120.99,10555.8
2026-09-08 06:00:00+03:00,8459.77,11214.5
2026-09-08 06:15:00+03:00,8453.51,11383.5
2026-09-08 06:30:00+03:00,8598.14,11281.6
2026-09-08 06:45:00+03:00,8752.17,11604.1
2026-09-08 07:00:00+03:00,8860.83,11898.2
2026-09-08 07:15:00+03:00,8960.44,11902.5
2026-09-08 07:30:00+03:00,9184.33,12177.8
2026-09-08 07:45:00+03:00,9170.49,12197.3
2026-09-08 08:00:00+03:00,9225.58,12015.8
2026-09-08 08:15:00+03:00,9171.53,12015.7
2026-09-08 08:30:00+03:00,9234.66,11989.8
2026-09-08 08:45:00+03:00,9394.57,11881.3
2026-09-08 09:00:00+03:00,9590.43,11759.9
2026-09-08 09:15:00+03:00,9653.91,11648.6
2026-09-08 09:30:00+03:00,9680.15,11590.2
2026-09-08 09:45:00+03:00,9602.6,11464.0
2026-09-08 10:00:00+03:00,9567.69,11380.3
2026-09-08 10:15:00+03:00,9469.05,11401.6
2026-09-08 10:30:00+03:00,9439.74,11407.0
2026-09-08 10:45:00+03:00,9616.26,11272.4
2026-09-08 11:00:00+03:00,9615.0,11165.9
2026-09-08 11:15:00+03:00,9658.95,10936.4
2026-09-08 11:30:00+03:00,9615.95,10893.7
2026-09-08 11:45:00+03:00,9531.87,10834.5
2026-09-08 12:00:00+03:00,9568.31,10474.9
2026-09-08 12:15:00+03:00,9650.0,10579.9
2026-09-08 12:30:00+03:00,9615.15,10540.5
2026-09-08 12:45:00+03:00,9525.85,10296.1
2026-09-08 13:00:00+03:00,9622.69,10245.3
2026-09-08 13:15:00+03:00,9541.06,10272.2
2026-09-08 13:30:00+03:00,9517.56,10171.1
2026-09-08 13:45:00+03:00,9483.84,10018.7
2026-09-08 14:00:00+03:00,9340.82,9995.19
2026-09-08 14:15:00+03:00,9208.99,9968.42
2026-09-08 14:30:00+03:00,9315.52,10086.4
2026-09-08 14:45:00+03:00,9413.27,10405.8
2026-09-08 15:00:00+03:00,9286.46,10189.1
2026-09-08 15:15:00+03:00,9317.38,10006.8
2026-09-08 15:30:00+03:00,9206.11,9949.57
2026-09-08 15:45:00+03:00,9233.81,10328.2
2026-09-08 16:00:00+03:00,9187.37,10221.6
2026-09-08 16:15:00+03:00,9255.36,10020.5
2026-09-08 16:30:00+03:00,9369.45,10177.3
2026-09-08 16:45:00+03:00,9367.92,10188.8
2026-09-08 17:00:00+03:00,9311.58,10070.1
2026-09-08 17:15:00+03:00,9184.49,9886.41
2026-09-08 17:30:00+03:00,9198.19,10320.0
2026-09-08 17:45:00+03:00,9074.87,10377.0
2026-09-08 18:00:00+03:00,9136.78,10477.9
2026-09-08 18:15:00+03:00,8992.43,10443.4
2026-09-08 18:30:00+03:00,8923.33,10287.9
2026-09-08 18:45:00+03:00,8929.13,10102.3
2026-09-08 19:00:00+03:00,8915.22,10126.7
2026-09-08 19:15:00+03:00,8970.35,9961.75
2026-09-08 19:30:00+03:00,8928.95,9796.92
2026-09-08 19:45:00+03:00,8894.46,9754.18
2026-09-08 20:00:00+03:00,8974.41,9728.38
2026-09-08 20:15:00+03:00,8942.76,9696.74
2026-09-08 20:30:00+03:00,8871.36,9739.7
2026-09-08 20:45:00+03:00,8804.6,9852.54
2026-09-08 21:00:00+03:00,9056.41,9775.36
2026-09-08 21:15:00+03:00,9032.89,9672.72
2026-09-08 21:30:00+03:00,8855.18,9592.24
2026-09-08 21:45:00+03:00,8657.51,9362.48
2026-09-08 22:00:00+03:00,8583.01,9440.63
2026-09-08 22:15:00+03:00,8649.83,9451.41
2026-09-08 22:30:00+03:00,8583.01,9464.86
2026-09-08 22:45:00+03:00,8557.4,9394.27
2026-09-08 23:00:00+03:00,8340.82,9441.77
2026-09-08 23:15:00+03:00,8217.09,9527.92
2026-09-08 23:30:00+03:00,7964.96,9384.64
2026-09-08 23:45:00+03:00,7830.71,9392.58
2026-09-09 00:00:00+03:00,7729.58,9407.89
2026-09-09 00:15:00+03:00,7754.38,9494.63
2026-09-09 00:30:00+03:00,7569.56,9457.44
2026-09-09 00:45:00+03:00,7507.75,9401.98
2026-09-09 01:00:00+03:00,7685.92,9406.24
2026-09-09 01:15:00+03:00,7650.9,9307.45
2026-09-09 01:30:00+03:00,7506.77,9332.25
2026-09-09 01:45:00+03:00,7395.39,9279.48
2026-09-09 02:00:00+03:00,7322.75,9002.89
2026-09-09 02:15:00+03:00,7211.2,8917.09
2026-09-09 02:30:00+03:00,7218.78,8900.74
2026-09-09 02:45:00+03:00,7183.26,8908.24
2026-09-09 03:00:00+03:00,7175.99,8885.45
2026-09-09 03:15:00+03:00,7126.43,8843.93
2026-09-09 03:30:00+03:00,7061.49,8829.97
2026-09-09 03:45:00+03:00,7015.31,8828.68
2026-09-09 04:00:00+03:00,7122.93,8900.66
2026-09-09 04:15:00+03:00,7172.61,8905.47
2026-09-09 04:30:00+03:00,7112.66,8831.84
2026-09-09 04:45:00+03:00,7147.14,8792.51
2026-09-09 05:00:00+03:00,7216.36,8760.45
2026-09-09 05:15:00+03:00,7272.48,8618.59
2026-09-09 05:30:00+03:00,7272.49,8547.67
2026-09-09 05:45:00+03:00,7402.91,8540.67
2026-09-09 06:00:00+03:00,7757.87,8530.32
2026-09-09 06:15:00+03:00,7822.2,8450.29
2026-09-09 06:30:00+03:00,7917.38,8469.08
2026-09-09 06:45:00+03:00,8012.42,8389.02
2026-09-09 07:00:00+03:00,8166.5,8336.19
2026-09-09 07:15:00+03:00,8134.84,8311.24
2026-09-09 07:30:00+03:00,8218.86,8257.08
2026-09-09 07:45:00+03:00,8291.0,8141.19
2026-09-09 08:00:00+03:00,8422.23,8095.06
2026-09-09 08:15:00+03:00,8527.48,8060.62
2026-09-09 08:30:00+03:00,8444.68,8027.29
2026-09-09 08:45:00+03:00,8572.09,7984.84
2026-09-09 09:00:00+03:00,8720.51,7934.1
2026-09-09 09:15:00+03:00,8605.8,7777.27
2026-09-09 09:30:00+03:00,8587.67,7781.04
2026-09-09 09:45:00+03:00,8677.57,7733.27
2026-09-09 10:00:00+03:00,8603.34,7655.94
2026-09-09 10:15:00+03:00,8556.6,7569.55
2026-09-09 10:30:00+03:00,8696.19,7621.93
2026-09-09 10:45:00+03:00,8675.91,7530.92
2026-09-09 11:00:00+03:00,8569.93,7487.67
2026-09-09 11:15:00+03:00,8632.94,7314.54
2026-09-09 11:30:00+03:00,8626.53,7313.95
2026-09-09 11:45:00+03:00,8746.63,7342.96
2026-09-09 12:00:00+03:00,8851.14,7047.42
2026-09-09 12:15:00+03:00,8860.93,6848.53
2026-09-09 12:30:00+03:00,8874.64,6818.02
2026-09-09 12:45:00+03:00,8729.18,6815.01
2026-09-09 13:00:00+03:00,8592.51,6843.32
2026-09-09 13:15:00+03:00,8576.62,6865.24
2026-09-09 13:30:00+03:00,8668.11,6746.29
2026-09-09 13:45:00+03:00,8743.11,6656.6
2026-09-09 14:00:00+03:00,8787.03,6622.87
2026-09-09 14:15:00+03:00,8547.48,6083.11
2026-09-09 14:30:00+03:00,8746.07,6093.63
2026-09-09 14:45:00+03:00,8658.15,6107.65
2026-09-09 15:00:00+03:00,8869.44,6210.76
2026-09-09 15:15:00+03:00,8889.41,6166.72
2026-09-09 15:30:00+03:00,8974.65,6125.49
2026-09-09 15:45:00+03:00,8942.01,6142.06
2026-09-09 16:00:00+03:00,8851.35,6105.4
2026-09-09 16:15:00+03:00,8859.7,6057.09
2026-09-09 16:30:00+03:00,8857.35,6022.47
2026-09-09 16:45:00+03:00,8821.79,6028.1
2026-09-09 17:00:00+03:00,8916.21,6081.54
2026-09-09 17:15:00+03:00,8615.88,6072.45
2026-09-09 17:30:00+03:00,8470.19,6149.04
2026-09-09 17:45:00+03:00,8280.76,6002.22
2026-09-09 18:00:00+03:00,8367.78,5802.48
2026-09-09 18:15:00+03:00,8071.86,5631.51
2026-09-09 18:30:00+03:00,8120.6,5680.05
2026-09-09 18:45:00+03:00,8213.41,5618.57
2026-09-09 19:00:00+03:00,8205.88,5470.16
2026-09-09 19:15:00+03:00,8296.68,5467.16
2026-09-09 19:30:00+03:00,8267.19,5534.78
2026-09-09 19:45:00+03:00,8259.86,5343.63
2026-09-09 20:00:00+03:00,8254.29,5327.53
2026-09-09 20:15:00+03:00,8224.28,5515.63
2026-09-09 20:30:00+03:00,8083.01,5571.69
2026-09-09 20:45:00+03:00,7917.63,5620.93
2026-09-09 21:00:00+03:00,8055.03,5598.31
2026-09-09 21:15:00+03:00,8170.68,5332.08
2026-09-09 21:30:00+03:00,8057.05,5215.84
2026-09-09 21:45:00+03:00,7975.24,5173.56
2026-09-09 22:00:00+03:00,8066.45,5182.87
2026-09-09 22:15:00+03:00,8001.59,5300.77
2026-09-09 22:30:00+03:00,7971.39,5343.23
2026-09-09 22:45:00+03:00,7876.78,5344.0
2026-09-09 23:00:00+03:00,7749.85,5404.21
2026-09-09 23:15:00+03:00,7714.58,5419.21
2026-09-09 23:30:00+03:00,7718.47,5430.56
2026-09-09 23:45:00+03:00,7600.53,5256.62
2026-09-10 00:00:00+03:00,7415.4,5200.78
2026-09-10 00:15:00+03:00,7361.01,5124.48
2026-09-10 00:30:00+03:00,7482.49,5129.46
2026-09-10 00:45:00+03:00,7374.98,5227.79
2026-09-10 01:00:00+03:00,7193.2,5357.37
2026-09-10 01:15:00+03:00,7290.46,5331.19
2026-09-10 01:30:00+03:00,7317.4,5290.27
2026-09-10 01:45:00+03:00,7267.96,5249.38
2026-09-10 02:00:00+03:00,7338.67,5137.34
2026-09-10 02:15:00+03:00,7340.27,5228.83
2026-09-10 02:30:00+03:00,7384.45,5244.1
2026-09-10 02:45:00+03:00,7483.04,5282.28
2026-09-10 03:00:00+03:00,7595.41,5371.49
2026-09-10 03:15:00+03:00,7582.4,5449.54
2026-09-10 03:30:00+03:00,7472.18,5550.86
2026-09-10 03:45:00+03:00,7512.67,5647.21
2026-09-10 04:00:00+03:00,7511.16,5592.51
2026-09-10 04:15:00+03:00,7564.21,5485.61
2026-09-10 04:30:00+03:00,7513.14,5497.43
2026-09-10 04:45:00+03:00,7504.18,5505.4
2026-09-10 05:00:00+03:00,7773.97,5617.78
2026-09-10 05:15:00+03:00,7766.07,5700.24
2026-09-10 05:30:00+03:00,7872.35,5857.21
2026-09-10 05:45:00+03:00,7940.22,5805.6
2026-09-10 06:00:00+03:00,8036.7,5898.08
2026-09-10 06:15:00+03:00,8218.46,6079.04
2026-09-10 06:30:00+03:00,8305.72,6127.44
2026-09-10 06:45:00+03:00,8345.32,6339.24
2026-09-10 07:00:00+03:00,8305.06,6542.71
2026-09-10 07:15:00+03:00,8350.85,6743.47
2026-09-10 07:30:00+03:00,8593.73,6726.97
2026-09-10 07:45:00+03:00,8692.97,6788.64
2026-09-10 08:00:00+03:00,8571.94,6923.77
2026-09-10 08:15:00+03:00,8607.45,6861.78
2026-09-10 08:30:00+03:00,8630.03,6788.5
2026-09-10 08:45:00+03:00,8687.6,6869.13
2026-09-10 09:00:00+03:00,8736.36,6768.6
2026-09-10 09:15:00+03:00,8773.65,6731.4
2026-09-10 09:30:00+03:00,8695.26,6782.68
2026-09-10 09:45:00+03:00,8709.75,6779.61
2026-09-10 10:00:00+03:00,8627.45,6904.1
2026-09-10 10:15:00+03:00,8683.12,6906.28
2026-09-10 10:30:00+03:00,8778.53,6935.07
2026-09-10 10:45:00+03:00,8840.96,6882.2
2026-09-10 11:00:00+03:00,8920.68,7000.6
2026-09-10 11:15:00+03:00,9013.94,6918.86
2026-09-10 11:30:00+03:00,9059.46,6972.19
2026-09-10 11:45:00+03:00,9060.69,7007.94
2026-09-10 12:00:00+03:00,9229.56,7115.24
2026-09-10 12:15:00+03:00,9316.82,7016.75
2026-09-10 12:30:00+03:00,9297.58,6974.1
2026-09-10 12:45:00+03:00,9244.01,7075.22
2026-09-10 13:00:00+03:00,9262.37,7154.18
2026-09-10 13:15:00+03:00,9153.65,7140.13
2026-09-10 13:30:00+03:00,9191.6,7077.46
2026-09-10 13:45:00+03:00,9112.33,6972.12
2026-09-10 14:00:00+03:00,9218.15,7025.05
2026-09-10 14:15:00+03:00,9162.14,7091.98
2026-09-10 14:30:00+03:00,9142.01,7039.85
2026-09-10 14:45:00+03:00,9161.98,7064.49
2026-09-10 15:00:00+03:00,9131.91,7104.64
2026-09-10 15:15:00+03:00,9193.81,7216.54
2026-09-10 15:30:00+03:00,9153.61,7350.07
2026-09-10 15:45:00+03:00,9150.52,7508.27
2026-09-10 16:00:00+03:00,9139.49,7495.24
2026-09-10 16:15:00+03:00,9015.19,7599.02
2026-09-10 16:30:00+03:00,9120.97,7740.79
2026-09-10 16:45:00+03:00,9118.68,7893.29
2026-09-10 17:00:00+03:00,9097.46,7750.57
2026-09-10 17:15:00+03:00,9008.04,7687.27
